student id,student name,language,matched,not matched,line count,comment count,function count
2105219,Sammy Adams,Python,0,5,      18,2,1
2105221,Carol Danvers,C,0,5,      21,1,4
2105222,Peter Parker,C++,0,5,      23,2,4
2105223,Stephen Strange,Java,0,       5,      29,2,1
2105224,Bruce Banner,C,0,5,      24,1,4
2105225,Matthew Murdock,C++,0,5,      27,1,4
2105226,Tony Stark,Python,0,5,      15,1,1
2105227,Steven Rogers,Java,0,       5,      24,1,1
2105228,Clint Barton,C,0,5,      26,2,4
2105229,Natasha Romanoff,C++,0,5,      23,0,4
2105230,Thor Odinson,Java,0,       5,      29,0,1
2105258,Harvey Oswald,Python,0,5,      14,1,0
